[
{"population": "8537673", "abbrev": "NY", "longitude": "-73.9387", "latitude": "40.6635", "city": "New York", "state": "New York"},
{"population": "3976322", "abbrev": "CA", "longitude": "-118.4108", "latitude": "34.0194", "city": "Los Angeles", "state": "California"},
{"population": "2704958", "abbrev": "IL", "longitude": "-87.6818", "latitude": "41.8376", "city": "Chicago", "state": "Illinois"},
{"population": "2303482", "abbrev": "TX", "longitude": "-95.3909", "latitude": "29.7866", "city": "Houston", "state": "Texas"},
{"population": "1615017", "abbrev": "AZ", "longitude": "-112.0901", "latitude": "33.5722", "city": "Phoenix", "state": "Arizona"},
{"population": "1567872", "abbrev": "PA", "longitude": "-75.1333", "latitude": "40.0094", "city": "Philadelphia", "state": "Pennsylvania"},
{"population": "1492510", "abbrev": "TX", "longitude": "-98.5251", "latitude": "29.4724", "city": "San Antonio", "state": "Texas"},
{"population": "8881", "abbrev": "AK", "longitude": "", "latitude": "", "city": "Sitka", "state": "Alaska"},
{"population": "1406630", "abbrev": "CA", "longitude": "-117.1350", "latitude": "32.8153", "city": "San Diego", "state": "California"},
{"population": "1317929", "abbrev": "TX", "longitude": "-96.7665", "latitude": "32.7933", "city": "Dallas", "state": "Texas"},
{"population": "1025350", "abbrev": "CA", "longitude": "-121.8189", "latitude": "37.2967", "city": "San Jose", "state": "California"},
{"population": "947890", "abbrev": "TX", "longitude": "-97.7544", "latitude": "30.3039", "city": "Austin", "state": "Texas"},
{"population": "880619", "abbrev": "FL", "longitude": "-81.6616", "latitude": "30.3369", "city": "Jacksonville", "state": "Florida"},
{"population": "31275", "abbrev": "AK", "longitude": "", "latitude": "", "city": "Juneau", "state": "Alaska"},
{"population": "2369", "abbrev": "AK", "longitude": "", "latitude": "", "city": "Wrangell", "state": "Alaska"},
{"population": "291826", "abbrev": "AK", "longitude": "", "latitude": "", "city": "Anchorage", "state": "Alaska"},
{"population": "9298", "abbrev": "MT", "longitude": "", "latitude": "", "city": "Anaconda", "state": "Montana"},
{"population": "33525", "abbrev": "MT", "longitude": "", "latitude": "", "city": "Butte", "state": "Montana"},
{"population": "579999", "abbrev": "OK", "longitude": "", "latitude": "", "city": "Oklahoma City", "state": "Oklahoma"},
{"population": "601222", "abbrev": "TN", "longitude": "", "latitude": "", "city": "Nashville", "state": "Tennessee"},
{"population": "870887", "abbrev": "CA", "longitude": "-123.0322", "latitude": "37.7272", "city": "San Francisco", "state": "California"},
{"population": "860090", "abbrev": "OH", "longitude": "-82.9848", "latitude": "39.9852", "city": "Columbus", "state": "Ohio"},
{"population": "855164", "abbrev": "IN", "longitude": "-86.1459", "latitude": "39.7767", "city": "Indianapolis", "state": "Indiana"},
{"population": "854113", "abbrev": "TX", "longitude": "-97.3467", "latitude": "32.7815", "city": "Fort Worth", "state": "Texas"},
{"population": "842051", "abbrev": "NC", "longitude": "-80.8310", "latitude": "35.2078", "city": "Charlotte", "state": "North Carolina"},
{"population": "704352", "abbrev": "WA", "longitude": "-122.3509", "latitude": "47.6205", "city": "Seattle", "state": "Washington"},
{"population": "693060", "abbrev": "CO", "longitude": "-104.8811", "latitude": "39.7619", "city": "Denver", "state": "Colorado"},
{"population": "84585", "abbrev": "VA", "longitude": "", "latitude": "", "city": "Suffolk", "state": "Virginia"},
{"population": "50876", "abbrev": "AZ", "longitude": "", "latitude": "", "city": "Buckeye", "state": "Arizona"},
{"population": "222209", "abbrev": "VA", "longitude": "", "latitude": "", "city": "Chesapeake", "state": "Virginia"},
{"population": "597337", "abbrev": "KY", "longitude": "", "latitude": "", "city": "Louisville", "state": "Kentucky"},
{"population": "646889", "abbrev": "TN", "longitude": "", "latitude": "", "city": "Memphis", "state": "Tennessee"},
{"population": "459787", "abbrev": "MO", "longitude": "", "latitude": "", "city": "Kansas City", "state": "Missouri"},
{"population": "8175133", "abbrev": "NY", "longitude": "", "latitude": "", "city": "New York City", "state": "New York"},
{"population": "683080", "abbrev": "TX", "longitude": "-106.4270", "latitude": "31.8484", "city": "El Paso", "state": "Texas"},
{"population": "681170", "abbrev": "DC", "longitude": "-77.0172", "latitude": "38.9041", "city": "Washington", "state": "District of Columbia"},
{"population": "673184", "abbrev": "MA", "longitude": "-71.0202", "latitude": "42.3320", "city": "Boston", "state": "Massachusetts"},
{"population": "672795", "abbrev": "MI", "longitude": "-83.1022", "latitude": "42.3830", "city": "Detroit", "state": "Michigan"},
{"population": "639863", "abbrev": "OR", "longitude": "-122.6500", "latitude": "45.5370", "city": "Portland", "state": "Oregon"},
{"population": "632912", "abbrev": "NV", "longitude": "-115.2601", "latitude": "36.2292", "city": "Las Vegas", "state": "Nevada"},
{"population": "195844", "abbrev": "GA", "longitude": "", "latitude": "", "city": "Augusta", "state": "Georgia"},
{"population": "295803", "abbrev": "KY", "longitude": "", "latitude": "", "city": "Lexington", "state": "Kentucky"},
{"population": "437994", "abbrev": "VA", "longitude": "", "latitude": "", "city": "Virginia Beach", "state": "Virginia"},
{"population": "11267", "abbrev": "GA", "longitude": "", "latitude": "", "city": "Cusseta", "state": "Georgia"},
{"population": "520116", "abbrev": "AZ", "longitude": "", "latitude": "", "city": "Tucson", "state": "Arizona"},
{"population": "189885", "abbrev": "GA", "longitude": "", "latitude": "", "city": "Columbus", "state": "Georgia"},
{"population": "3976", "abbrev": "AK", "longitude": "", "latitude": "", "city": "Valdez", "state": "Alaska"},
{"population": "2799", "abbrev": "GA", "longitude": "", "latitude": "", "city": "Preston", "state": "Georgia"},
{"population": "614664", "abbrev": "MD", "longitude": "-76.6105", "latitude": "39.3000", "city": "Baltimore", "state": "Maryland"},
{"population": "595047", "abbrev": "WI", "longitude": "-87.9667", "latitude": "43.0633", "city": "Milwaukee", "state": "Wisconsin"},
{"population": "559277", "abbrev": "NM", "longitude": "-106.6474", "latitude": "35.1056", "city": "Albuquerque", "state": "New Mexico"},
{"population": "522053", "abbrev": "CA", "longitude": "-119.7934", "latitude": "36.7836", "city": "Fresno", "state": "California"},
{"population": "495234", "abbrev": "CA", "longitude": "-121.4686", "latitude": "38.5666", "city": "Sacramento", "state": "California"},
{"population": "484587", "abbrev": "AZ", "longitude": "-111.7174", "latitude": "33.4019", "city": "Mesa", "state": "Arizona"},
{"population": "472522", "abbrev": "GA", "longitude": "-84.4227", "latitude": "33.7629", "city": "Atlanta", "state": "Georgia"},
{"population": "180105", "abbrev": "AL", "longitude": "", "latitude": "", "city": "Huntsville", "state": "Alabama"},
{"population": "15023", "abbrev": "NV", "longitude": "", "latitude": "", "city": "Boulder City", "state": "Nevada"},
{"population": "14120", "abbrev": "CA", "longitude": "", "latitude": "", "city": "California City", "state": "California"},
{"population": "391906", "abbrev": "OK", "longitude": "", "latitude": "", "city": "Tulsa", "state": "Oklahoma"},
{"population": "416427", "abbrev": "CO", "longitude": "", "latitude": "", "city": "Colorado Springs", "state": "Colorado"},
{"population": "65275", "abbrev": "AZ", "longitude": "", "latitude": "", "city": "Goodyear", "state": "Arizona"},
{"population": "217385", "abbrev": "AZ", "longitude": "", "latitude": "", "city": "Scottsdale", "state": "Arizona"},
{"population": "16361", "abbrev": "MN", "longitude": "", "latitude": "", "city": "Hibbing", "state": "Minnesota"},
{"population": "470130", "abbrev": "CA", "longitude": "-118.1553", "latitude": "33.8092", "city": "Long Beach", "state": "California"},
{"population": "458880", "abbrev": "NC", "longitude": "-78.6418", "latitude": "35.8306", "city": "Raleigh", "state": "North Carolina"},
{"population": "453579", "abbrev": "FL", "longitude": "-80.2086", "latitude": "25.7752", "city": "Miami", "state": "Florida"},
{"population": "446970", "abbrev": "NE", "longitude": "-96.0451", "latitude": "41.2644", "city": "Omaha", "state": "Nebraska"},
{"population": "420005", "abbrev": "CA", "longitude": "-122.2257", "latitude": "37.7698", "city": "Oakland", "state": "California"},
{"population": "413651", "abbrev": "MN", "longitude": "-93.2683", "latitude": "44.9633", "city": "Minneapolis", "state": "Minnesota"},
{"population": "110925", "abbrev": "OK", "longitude": "", "latitude": "", "city": "Norman", "state": "Oklahoma"},
{"population": "154065", "abbrev": "AZ", "longitude": "", "latitude": "", "city": "Peoria", "state": "Arizona"},
{"population": "343829", "abbrev": "LA", "longitude": "", "latitude": "", "city": "New Orleans", "state": "Louisiana"},
{"population": "305215", "abbrev": "TX", "longitude": "", "latitude": "", "city": "Corpus Christi", "state": "Texas"},
{"population": "205764", "abbrev": "AL", "longitude": "", "latitude": "", "city": "Montgomery", "state": "Alabama"},
{"population": "382368", "abbrev": "KS", "longitude": "", "latitude": "", "city": "Wichita", "state": "Kansas"},
{"population": "325078", "abbrev": "CO", "longitude": "", "latitude": "", "city": "Aurora", "state": "Colorado"},
{"population": "43888", "abbrev": "AZ", "longitude": "", "latitude": "", "city": "Sierra Vista", "state": "Arizona"},
{"population": "392772", "abbrev": "TX", "longitude": "-97.1247", "latitude": "32.7007", "city": "Arlington", "state": "Texas"},
{"population": "385809", "abbrev": "OH", "longitude": "-81.6794", "latitude": "41.4785", "city": "Cleveland", "state": "Ohio"},
{"population": "377165", "abbrev": "FL", "longitude": "-82.4797", "latitude": "27.9701", "city": "Tampa", "state": "Florida"},
{"population": "376380", "abbrev": "CA", "longitude": "-119.0183", "latitude": "35.3212", "city": "Bakersfield", "state": "California"},
{"population": "351792", "abbrev": "HI", "longitude": "-157.8476", "latitude": "21.3243", "city": "Honolulu", "state": "Hawaii"},
{"population": "351043", "abbrev": "CA", "longitude": "-117.7601", "latitude": "33.8555", "city": "Anaheim", "state": "California"},
{"population": "2513", "abbrev": "GA", "longitude": "", "latitude": "", "city": "Georgetown", "state": "Georgia"},
{"population": "212237", "abbrev": "AL", "longitude": "", "latitude": "", "city": "Birmingham", "state": "Alabama"},
{"population": "200564", "abbrev": "NC", "longitude": "", "latitude": "", "city": "Fayetteville", "state": "North Carolina"},
{"population": "55274", "abbrev": "NV", "longitude": "", "latitude": "", "city": "Carson City", "state": "Nevada"},
{"population": "195111", "abbrev": "AL", "longitude": "", "latitude": "", "city": "Mobile", "state": "Alabama"},
{"population": "2676", "abbrev": "FL", "longitude": "", "latitude": "", "city": "Bunnell", "state": "Florida"},
{"population": "167674", "abbrev": "TN", "longitude": "", "latitude": "", "city": "Chattanooga", "state": "Tennessee"},
{"population": "334217", "abbrev": "CA", "longitude": "-117.8830", "latitude": "33.7363", "city": "Santa Ana", "state": "California"},
{"population": "324722", "abbrev": "CA", "longitude": "-117.3932", "latitude": "33.9381", "city": "Riverside", "state": "California"},
{"population": "311404", "abbrev": "MO", "longitude": "-90.2446", "latitude": "38.6357", "city": "St. Louis", "state": "Missouri"},
{"population": "307072", "abbrev": "CA", "longitude": "-121.3133", "latitude": "37.9763", "city": "Stockton", "state": "California"},
{"population": "303625", "abbrev": "PA", "longitude": "-79.9766", "latitude": "40.4398", "city": "Pittsburgh", "state": "Pennsylvania"},
{"population": "302398", "abbrev": "MN", "longitude": "-93.1041", "latitude": "44.9489", "city": "Saint Paul", "state": "Minnesota"},
{"population": "229617", "abbrev": "NC", "longitude": "", "latitude": "", "city": "Winston-Salem", "state": "North Carolina"},
{"population": "175023", "abbrev": "TX", "longitude": "", "latitude": "", "city": "Brownsville", "state": "Texas"},
{"population": "129272", "abbrev": "SC", "longitude": "", "latitude": "", "city": "Columbia", "state": "South Carolina"},
{"population": "6362", "abbrev": "TN", "longitude": "", "latitude": "", "city": "Lynchburg", "state": "Tennessee"},
{"population": "269666", "abbrev": "NC", "longitude": "", "latitude": "", "city": "Greensboro", "state": "North Carolina"},
{"population": "298800", "abbrev": "OH", "longitude": "-84.5058", "latitude": "39.1402", "city": "Cincinnati", "state": "Ohio"},
{"population": "292969", "abbrev": "NV", "longitude": "-115.0357", "latitude": "36.0097", "city": "Henderson", "state": "Nevada"},
{"population": "286057", "abbrev": "TX", "longitude": "-96.7479", "latitude": "33.0508", "city": "Plano", "state": "Texas"},
{"population": "281764", "abbrev": "NJ", "longitude": "-74.1726", "latitude": "40.7242", "city": "Newark", "state": "New Jersey"},
{"population": "280364", "abbrev": "NE", "longitude": "-96.6803", "latitude": "40.8105", "city": "Lincoln", "state": "Nebraska"},
{"population": "278508", "abbrev": "OH", "longitude": "-83.5819", "latitude": "41.6641", "city": "Toledo", "state": "Ohio"},
{"population": "277173", "abbrev": "FL", "longitude": "-81.2736", "latitude": "28.4166", "city": "Orlando", "state": "Florida"},
{"population": "145786", "abbrev": "KS", "longitude": "", "latitude": "", "city": "Kansas City", "state": "Kansas"},
{"population": "229573", "abbrev": "TX", "longitude": "", "latitude": "", "city": "Lubbock", "state": "Texas"},
{"population": "19368", "abbrev": "NV", "longitude": "", "latitude": "", "city": "Fernley", "state": "Nevada"},
{"population": "34961", "abbrev": "AZ", "longitude": "", "latitude": "", "city": "Marana", "state": "Arizona"},
{"population": "93064", "abbrev": "AZ", "longitude": "", "latitude": "", "city": "Yuma", "state": "Arizona"},
{"population": "193524", "abbrev": "AR", "longitude": "", "latitude": "", "city": "Little Rock", "state": "Arkansas"},
{"population": "115452", "abbrev": "GA", "longitude": "", "latitude": "", "city": "Athens", "state": "Georgia"},
{"population": "7870", "abbrev": "TN", "longitude": "", "latitude": "", "city": "Hartsville", "state": "Tennessee"},
{"population": "164603", "abbrev": "FL", "longitude": "", "latitude": "", "city": "Port St. Lucie", "state": "Florida"},
{"population": "267172", "abbrev": "CA", "longitude": "-117.0152", "latitude": "32.6277", "city": "Chula Vista", "state": "California"},
{"population": "266122", "abbrev": "CA", "longitude": "-117.7713", "latitude": "33.6784", "city": "Irvine", "state": "California"},
{"population": "264488", "abbrev": "IN", "longitude": "-85.1439", "latitude": "41.0882", "city": "Fort Wayne", "state": "Indiana"},
{"population": "264152", "abbrev": "NJ", "longitude": "-74.0648", "latitude": "40.7114", "city": "Jersey City", "state": "New Jersey"},
{"population": "263016", "abbrev": "NC", "longitude": "-78.9029", "latitude": "35.9811", "city": "Durham", "state": "North Carolina"},
{"population": "260999", "abbrev": "FL", "longitude": "-82.6441", "latitude": "27.7620", "city": "St. Petersburg", "state": "Florida"},
{"population": "257156", "abbrev": "TX", "longitude": "-99.4892", "latitude": "27.5604", "city": "Laredo", "state": "Texas"},
{"population": "256902", "abbrev": "NY", "longitude": "-78.8597", "latitude": "42.8925", "city": "Buffalo", "state": "New York"},
{"population": "4376", "abbrev": "AK", "longitude": "", "latitude": "", "city": "Unalaska", "state": "Alaska"},
{"population": "16631", "abbrev": "AZ", "longitude": "", "latitude": "", "city": "Eloy", "state": "Arizona"},
{"population": "186440", "abbrev": "UT", "longitude": "", "latitude": "", "city": "Salt Lake City", "state": "Utah"},
{"population": "173514", "abbrev": "MS", "longitude": "", "latitude": "", "city": "Jackson", "state": "Mississippi"},
{"population": "48571", "abbrev": "AZ", "longitude": "", "latitude": "", "city": "Casa Grande", "state": "Arizona"},
{"population": "120083", "abbrev": "SC", "longitude": "", "latitude": "", "city": "Charleston", "state": "South Carolina"},
{"population": "117063", "abbrev": "TX", "longitude": "", "latitude": "", "city": "Abilene", "state": "Texas"},
{"population": "152750", "abbrev": "CA", "longitude": "", "latitude": "", "city": "Palmdale", "state": "California"},
{"population": "252551", "abbrev": "WI", "longitude": "-89.4299", "latitude": "43.0878", "city": "Madison", "state": "Wisconsin"},
{"population": "247477", "abbrev": "AZ", "longitude": "-111.8549", "latitude": "33.2829", "city": "Chandler", "state": "Arizona"},
{"population": "245895", "abbrev": "AZ", "longitude": "-112.1899", "latitude": "33.5331", "city": "Glendale", "state": "Arizona"},
{"population": "245255", "abbrev": "NV", "longitude": "-119.8499", "latitude": "39.5491", "city": "Reno", "state": "Nevada"},
{"population": "245115", "abbrev": "VA", "longitude": "-76.2446", "latitude": "36.9230", "city": "Norfolk", "state": "Virginia"},
{"population": "242203", "abbrev": "NC", "longitude": "-80.2610", "latitude": "36.1027", "city": "Winston–Salem", "state": "North Carolina"},
{"population": "238702", "abbrev": "NV", "longitude": "-115.0939", "latitude": "36.2857", "city": "North Las Vegas", "state": "Nevada"},
{"population": "238289", "abbrev": "TX", "longitude": "-96.9700", "latitude": "32.8577", "city": "Irving", "state": "Texas"},
{"population": "1475", "abbrev": "MN", "longitude": "", "latitude": "", "city": "Babbitt", "state": "Minnesota"},
{"population": "117517", "abbrev": "AZ", "longitude": "", "latitude": "", "city": "Surprise", "state": "Arizona"},
{"population": "154305", "abbrev": "FL", "longitude": "", "latitude": "", "city": "Cape Coral", "state": "Florida"},
{"population": "199311", "abbrev": "LA", "longitude": "", "latitude": "", "city": "Shreveport", "state": "Louisiana"},
{"population": "87521", "abbrev": "NM", "longitude": "", "latitude": "", "city": "Rio Rancho", "state": "New Mexico"},
{"population": "136286", "abbrev": "GA", "longitude": "", "latitude": "", "city": "Savannah", "state": "Georgia"},
{"population": "181376", "abbrev": "FL", "longitude": "", "latitude": "", "city": "Tallahassee", "state": "Florida"},
{"population": "237133", "abbrev": "AZ", "longitude": "-111.7431", "latitude": "33.3103", "city": "Gilbert", "state": "Arizona"},
{"population": "236387", "abbrev": "FL", "longitude": "-80.3029", "latitude": "25.8699", "city": "Hialeah", "state": "Florida"},
{"population": "234943", "abbrev": "TX", "longitude": "-96.6303", "latitude": "32.9098", "city": "Garland", "state": "Texas"},
{"population": "233136", "abbrev": "CA", "longitude": "-121.9412", "latitude": "37.4945", "city": "Fremont", "state": "California"},
{"population": "227715", "abbrev": "LA", "longitude": "-91.1309", "latitude": "30.4422", "city": "Baton Rouge", "state": "Louisiana"},
{"population": "223170", "abbrev": "VA", "longitude": "-77.4760", "latitude": "37.5314", "city": "Richmond", "state": "Virginia"},
{"population": "223154", "abbrev": "ID", "longitude": "-116.2317", "latitude": "43.6002", "city": "Boise", "state": "Idaho"},
{"population": "216239", "abbrev": "CA", "longitude": "-117.2936", "latitude": "34.1416", "city": "San Bernardino", "state": "California"},
{"population": "57357", "abbrev": "FL", "longitude": "", "latitude": "", "city": "North Port", "state": "Florida"},
{"population": "190695", "abbrev": "TX", "longitude": "", "latitude": "", "city": "Amarillo", "state": "Texas"},
{"population": "13070", "abbrev": "PA", "longitude": "", "latitude": "", "city": "St. Marys", "state": "Pennsylvania"},
{"population": "178874", "abbrev": "TN", "longitude": "", "latitude": "", "city": "Knoxville", "state": "Tennessee"},
{"population": "132929", "abbrev": "TN", "longitude": "", "latitude": "", "city": "Clarksville", "state": "Tennessee"},
{"population": "280", "abbrev": "AK", "longitude": "", "latitude": "", "city": "Nightmute", "state": "Alaska"},
{"population": "156633", "abbrev": "CA", "longitude": "", "latitude": "", "city": "Lancaster", "state": "California"},
{"population": "44552", "abbrev": "CA", "longitude": "", "latitude": "", "city": "Palm Springs", "state": "California"},
{"population": "75180", "abbrev": "FL", "longitude": "", "latitude": "", "city": "Palm Coast", "state": "Florida"},
{"population": "215973", "abbrev": "WA", "longitude": "-117.4333", "latitude": "47.6669", "city": "Spokane", "state": "Washington"},
{"population": "215472", "abbrev": "IA", "longitude": "-93.6102", "latitude": "41.5726", "city": "Des Moines", "state": "Iowa"},
{"population": "212175", "abbrev": "CA", "longitude": "-121.0030", "latitude": "37.6375", "city": "Modesto", "state": "California"},
{"population": "211277", "abbrev": "WA", "longitude": "-122.4598", "latitude": "47.2522", "city": "Tacoma", "state": "Washington"},
{"population": "209665", "abbrev": "CA", "longitude": "-117.4629", "latitude": "34.1090", "city": "Fontana", "state": "California"},
{"population": "208880", "abbrev": "NY", "longitude": "-77.6169", "latitude": "43.1699", "city": "Rochester", "state": "New York"},
{"population": "207906", "abbrev": "CA", "longitude": "-119.2046", "latitude": "34.2023", "city": "Oxnard", "state": "California"},
{"population": "65496", "abbrev": "AL", "longitude": "", "latitude": "", "city": "Dothan", "state": "Alabama"},
{"population": "124805", "abbrev": "TX", "longitude": "", "latitude": "", "city": "Waco", "state": "Texas"},
{"population": "113383", "abbrev": "TX", "longitude": "", "latitude": "", "city": "Denton", "state": "Texas"},
{"population": "29330", "abbrev": "TN", "longitude": "", "latitude": "", "city": "Oak Ridge", "state": "Tennessee"},
{"population": "81405", "abbrev": "OK", "longitude": "", "latitude": "", "city": "Edmond", "state": "Oklahoma"},
{"population": "118296", "abbrev": "TX", "longitude": "", "latitude": "", "city": "Beaumont", "state": "Texas"},
{"population": "159498", "abbrev": "MO", "longitude": "", "latitude": "", "city": "Springfield", "state": "Missouri"},
{"population": "205499", "abbrev": "CA", "longitude": "-117.2057", "latitude": "33.9233", "city": "Moreno Valley", "state": "California"},
{"population": "201110", "abbrev": "IL", "longitude": "-88.2901", "latitude": "41.7635", "city": "Aurora", "state": "Illinois"},
{"population": "200831", "abbrev": "CA", "longitude": "-118.2458", "latitude": "34.1814", "city": "Glendale", "state": "California"},
{"population": "200807", "abbrev": "NY", "longitude": "-73.8674", "latitude": "40.9459", "city": "Yonkers", "state": "New York"},
{"population": "200652", "abbrev": "CA", "longitude": "-118.0093", "latitude": "33.6906", "city": "Huntington Beach", "state": "California"},
{"population": "197633", "abbrev": "OH", "longitude": "-81.5214", "latitude": "41.0805", "city": "Akron", "state": "Ohio"},
{"population": "196445", "abbrev": "MI", "longitude": "-85.6556", "latitude": "42.9612", "city": "Grand Rapids", "state": "Michigan"},
{"population": "96867", "abbrev": "OK", "longitude": "", "latitude": "", "city": "Lawton", "state": "Oklahoma"},
{"population": "67263", "abbrev": "AR", "longitude": "", "latitude": "", "city": "Jonesboro", "state": "Arkansas"},
{"population": "7741", "abbrev": "ME", "longitude": "", "latitude": "", "city": "Ellsworth", "state": "Maine"},
{"population": "8189", "abbrev": "ME", "longitude": "", "latitude": "", "city": "Caribou", "state": "Maine"},
{"population": "16749", "abbrev": "OK", "longitude": "", "latitude": "", "city": "El Reno", "state": "Oklahoma"},
{"population": "190682", "abbrev": "TX", "longitude": "-97.0211", "latitude": "32.6869", "city": "Grand Prairie", "state": "Texas"},
{"population": "188966", "abbrev": "KS", "longitude": "-94.6906", "latitude": "38.8890", "city": "Overland Park", "state": "Kansas"},
{"population": "184508", "abbrev": "MA", "longitude": "-71.8078", "latitude": "42.2695", "city": "Worcester", "state": "Massachusetts"},
{"population": "182498", "abbrev": "AZ", "longitude": "-111.9318", "latitude": "33.3884", "city": "Tempe", "state": "Arizona"},
{"population": "181972", "abbrev": "CA", "longitude": "-118.5042", "latitude": "34.4030", "city": "Santa Clarita", "state": "California"},
{"population": "116830", "abbrev": "MO", "longitude": "", "latitude": "", "city": "Independence", "state": "Missouri"},
{"population": "53818", "abbrev": "TX", "longitude": "", "latitude": "", "city": "Port Arthur", "state": "Texas"},
{"population": "97618", "abbrev": "NM", "longitude": "", "latitude": "", "city": "Las Cruces", "state": "New Mexico"},
{"population": "9692", "abbrev": "ME", "longitude": "", "latitude": "", "city": "Presque Isle", "state": "Maine"},
{"population": "181825", "abbrev": "VA", "longitude": "-76.5220", "latitude": "37.0762", "city": "Newport News", "state": "Virginia"},
{"population": "179219", "abbrev": "RI", "longitude": "-71.4188", "latitude": "41.8231", "city": "Providence", "state": "Rhode Island"},
{"population": "178752", "abbrev": "FL", "longitude": "-80.1467", "latitude": "26.1412", "city": "Fort Lauderdale", "state": "Florida"},
{"population": "176534", "abbrev": "CA", "longitude": "-117.5642", "latitude": "34.1233", "city": "Rancho Cucamonga", "state": "California"},
{"population": "175464", "abbrev": "CA", "longitude": "-117.3062", "latitude": "33.2245", "city": "Oceanside", "state": "California"},
{"population": "175155", "abbrev": "CA", "longitude": "-122.7061", "latitude": "38.4468", "city": "Santa Rosa", "state": "California"},
{"population": "174858", "abbrev": "CA", "longitude": "-117.9605", "latitude": "33.7788", "city": "Garden Grove", "state": "California"},
{"population": "174826", "abbrev": "WA", "longitude": "-122.5957", "latitude": "45.6349", "city": "Vancouver", "state": "Washington"},
{"population": "174360", "abbrev": "SD", "longitude": "-96.7320", "latitude": "43.5383", "city": "Sioux Falls", "state": "South Dakota"},
{"population": "173212", "abbrev": "CA", "longitude": "-117.6042", "latitude": "34.0394", "city": "Ontario", "state": "California"},
{"population": "172298", "abbrev": "TX", "longitude": "-96.6680", "latitude": "33.1985", "city": "McKinney", "state": "Texas"},
{"population": "169743", "abbrev": "CA", "longitude": "-121.3850", "latitude": "38.4146", "city": "Elk Grove", "state": "California"},
{"population": "168587", "abbrev": "FL", "longitude": "-80.3404", "latitude": "26.0210", "city": "Pembroke Pines", "state": "Florida"},
{"population": "167419", "abbrev": "OR", "longitude": "-123.0232", "latitude": "44.9237", "city": "Salem", "state": "Oregon"},
{"population": "166785", "abbrev": "CA", "longitude": "-117.5655", "latitude": "33.8620", "city": "Corona", "state": "California"},
{"population": "166575", "abbrev": "OR", "longitude": "-123.1162", "latitude": "44.0567", "city": "Eugene", "state": "Oregon"},
{"population": "164207", "abbrev": "CO", "longitude": "-105.0648", "latitude": "40.5482", "city": "Fort Collins", "state": "Colorado"},
{"population": "163656", "abbrev": "TX", "longitude": "-96.8226", "latitude": "33.1554", "city": "Frisco", "state": "Texas"},
{"population": "162320", "abbrev": "NC", "longitude": "-78.8133", "latitude": "35.7809", "city": "Cary", "state": "North Carolina"},
{"population": "158937", "abbrev": "CA", "longitude": "-122.1024", "latitude": "37.6287", "city": "Hayward", "state": "California"},
{"population": "157218", "abbrev": "CA", "longitude": "-121.6337", "latitude": "36.6902", "city": "Salinas", "state": "California"},
{"population": "155810", "abbrev": "VA", "longitude": "-77.0841", "latitude": "38.8201", "city": "Alexandria", "state": "Virginia"},
{"population": "154393", "abbrev": "CO", "longitude": "-105.1176", "latitude": "39.6989", "city": "Lakewood", "state": "Colorado"},
{"population": "154074", "abbrev": "MA", "longitude": "-72.5400", "latitude": "42.1155", "city": "Springfield", "state": "Massachusetts"},
{"population": "153351", "abbrev": "TX", "longitude": "-95.1506", "latitude": "29.6586", "city": "Pasadena", "state": "Texas"},
{"population": "152771", "abbrev": "CA", "longitude": "-122.0263", "latitude": "37.3858", "city": "Sunnyvale", "state": "California"},
{"population": "152555", "abbrev": "GA", "longitude": "-83.6942", "latitude": "32.8088", "city": "Macon", "state": "Georgia"},
{"population": "152494", "abbrev": "CA", "longitude": "-117.7611", "latitude": "34.0585", "city": "Pomona", "state": "California"},
{"population": "151998", "abbrev": "FL", "longitude": "-80.1646", "latitude": "26.0310", "city": "Hollywood", "state": "Florida"},
{"population": "151613", "abbrev": "CA", "longitude": "-117.0740", "latitude": "33.1331", "city": "Escondido", "state": "California"},
{"population": "148262", "abbrev": "IL", "longitude": "-88.1488", "latitude": "41.5177", "city": "Joliet", "state": "Illinois"},
{"population": "147651", "abbrev": "IL", "longitude": "-89.0646", "latitude": "42.2588", "city": "Rockford", "state": "Illinois"},
{"population": "147195", "abbrev": "CA", "longitude": "-118.3414", "latitude": "33.8350", "city": "Torrance", "state": "California"},
{"population": "147122", "abbrev": "IL", "longitude": "-88.1620", "latitude": "41.7492", "city": "Naperville", "state": "Illinois"},
{"population": "147000", "abbrev": "NJ", "longitude": "-74.1628", "latitude": "40.9148", "city": "Paterson", "state": "New Jersey"},
{"population": "145936", "abbrev": "CT", "longitude": "-73.1958", "latitude": "41.1874", "city": "Bridgeport", "state": "Connecticut"},
{"population": "143736", "abbrev": "TX", "longitude": "-96.5888", "latitude": "32.7629", "city": "Mesquite", "state": "Texas"},
{"population": "143400", "abbrev": "TX", "longitude": "-97.7320", "latitude": "31.0777", "city": "Killeen", "state": "Texas"},
{"population": "143378", "abbrev": "NY", "longitude": "-76.1436", "latitude": "43.0410", "city": "Syracuse", "state": "New York"},
{"population": "142212", "abbrev": "TX", "longitude": "-98.2464", "latitude": "26.2322", "city": "McAllen", "state": "Texas"},
{"population": "142059", "abbrev": "CA", "longitude": "-118.1396", "latitude": "34.1606", "city": "Pasadena", "state": "California"},
{"population": "141400", "abbrev": "WA", "longitude": "-122.1565", "latitude": "47.5979", "city": "Bellevue", "state": "Washington"},
{"population": "140721", "abbrev": "CA", "longitude": "-117.9280", "latitude": "33.8857", "city": "Fullerton", "state": "California"},
{"population": "140504", "abbrev": "CA", "longitude": "-117.8613", "latitude": "33.7870", "city": "Orange", "state": "California"},
{"population": "140489", "abbrev": "OH", "longitude": "-84.1996", "latitude": "39.7774", "city": "Dayton", "state": "Ohio"},
{"population": "138449", "abbrev": "FL", "longitude": "-80.3358", "latitude": "25.9770", "city": "Miramar", "state": "Florida"},
{"population": "136703", "abbrev": "CO", "longitude": "-104.9428", "latitude": "39.9194", "city": "Thornton", "state": "Colorado"},
{"population": "136574", "abbrev": "UT", "longitude": "-112.0118", "latitude": "40.6885", "city": "West Valley City", "state": "Utah"},
{"population": "135473", "abbrev": "KS", "longitude": "-94.8195", "latitude": "38.8843", "city": "Olathe", "state": "Kansas"},
{"population": "135410", "abbrev": "VA", "longitude": "-76.2971", "latitude": "37.0480", "city": "Hampton", "state": "Virginia"},
{"population": "135125", "abbrev": "MI", "longitude": "-83.0250", "latitude": "42.4929", "city": "Warren", "state": "Michigan"},
{"population": "134610", "abbrev": "TX", "longitude": "-102.1135", "latitude": "32.0246", "city": "Midland", "state": "Texas"},
{"population": "133351", "abbrev": "TX", "longitude": "-96.8998", "latitude": "32.9884", "city": "Carrollton", "state": "Texas"},
{"population": "132671", "abbrev": "CA", "longitude": "-121.3189", "latitude": "38.7690", "city": "Roseville", "state": "California"},
{"population": "132427", "abbrev": "MI", "longitude": "-83.0303", "latitude": "42.5812", "city": "Sterling Heights", "state": "Michigan"},
{"population": "131947", "abbrev": "TN", "longitude": "-86.4160", "latitude": "35.8522", "city": "Murfreesboro", "state": "Tennessee"},
{"population": "131591", "abbrev": "FL", "longitude": "-82.3461", "latitude": "29.6788", "city": "Gainesville", "state": "Florida"},
{"population": "131127", "abbrev": "IA", "longitude": "-91.6778", "latitude": "41.9670", "city": "Cedar Rapids", "state": "Iowa"},
{"population": "131074", "abbrev": "CA", "longitude": "-119.3289", "latitude": "36.3273", "city": "Visalia", "state": "California"},
{"population": "130059", "abbrev": "FL", "longitude": "-80.2593", "latitude": "26.2707", "city": "Coral Springs", "state": "Florida"},
{"population": "129934", "abbrev": "CT", "longitude": "-72.9250", "latitude": "41.3108", "city": "New Haven", "state": "Connecticut"},
{"population": "129113", "abbrev": "CT", "longitude": "-73.5460", "latitude": "41.0799", "city": "Stamford", "state": "Connecticut"},
{"population": "128888", "abbrev": "CA", "longitude": "-118.8742", "latitude": "34.1933", "city": "Thousand Oaks", "state": "California"},
{"population": "128726", "abbrev": "CA", "longitude": "-122.0016", "latitude": "37.9722", "city": "Concord", "state": "California"},
{"population": "128640", "abbrev": "NJ", "longitude": "-74.1935", "latitude": "40.6664", "city": "Elizabeth", "state": "New Jersey"},
{"population": "127626", "abbrev": "LA", "longitude": "-92.0285", "latitude": "30.2074", "city": "Lafayette", "state": "Louisiana"},
{"population": "127514", "abbrev": "WA", "longitude": "-122.2127", "latitude": "47.3880", "city": "Kent", "state": "Washington"},
{"population": "126808", "abbrev": "KS", "longitude": "-95.6962", "latitude": "39.0347", "city": "Topeka", "state": "Kansas"},
{"population": "126327", "abbrev": "CA", "longitude": "-118.7485", "latitude": "34.2669", "city": "Simi Valley", "state": "California"},
{"population": "125948", "abbrev": "CA", "longitude": "-121.9679", "latitude": "37.3646", "city": "Santa Clara", "state": "California"},
{"population": "123243", "abbrev": "CT", "longitude": "-72.6816", "latitude": "41.7659", "city": "Hartford", "state": "Connecticut"},
{"population": "122265", "abbrev": "CA", "longitude": "-117.3536", "latitude": "34.5277", "city": "Victorville", "state": "California"},
{"population": "121299", "abbrev": "CA", "longitude": "-122.2640", "latitude": "38.1079", "city": "Vallejo", "state": "California"},
{"population": "121240", "abbrev": "CA", "longitude": "-122.2991", "latitude": "37.8670", "city": "Berkeley", "state": "California"},
{"population": "120892", "abbrev": "TX", "longitude": "-97.6660", "latitude": "30.5252", "city": "Round Rock", "state": "Texas"},
{"population": "120782", "abbrev": "MI", "longitude": "-83.7309", "latitude": "42.2761", "city": "Ann Arbor", "state": "Michigan"},
{"population": "120762", "abbrev": "ND", "longitude": "-96.8290", "latitude": "46.8652", "city": "Fargo", "state": "North Dakota"},
{"population": "120612", "abbrev": "MO", "longitude": "-92.3264", "latitude": "38.9473", "city": "Columbia", "state": "Missouri"},
{"population": "120443", "abbrev": "PA", "longitude": "-75.4784", "latitude": "40.5936", "city": "Allentown", "state": "Pennsylvania"},
{"population": "119477", "abbrev": "IN", "longitude": "-87.5347", "latitude": "37.9877", "city": "Evansville", "state": "Indiana"},
{"population": "117871", "abbrev": "TX", "longitude": "-102.3411", "latitude": "31.8838", "city": "Odessa", "state": "Texas"},
{"population": "117525", "abbrev": "NC", "longitude": "-77.8858", "latitude": "34.2092", "city": "Wilmington", "state": "North Carolina"},
{"population": "117453", "abbrev": "CO", "longitude": "-105.1503", "latitude": "39.8337", "city": "Arvada", "state": "Colorado"},
{"population": "116868", "abbrev": "UT", "longitude": "-111.6448", "latitude": "40.2453", "city": "Provo", "state": "Utah"},
{"population": "116020", "abbrev": "MI", "longitude": "-84.5593", "latitude": "42.7143", "city": "Lansing", "state": "Michigan"},
{"population": "115807", "abbrev": "CA", "longitude": "-118.0291", "latitude": "34.0746", "city": "El Monte", "state": "California"},
{"population": "115715", "abbrev": "IL", "longitude": "-89.6446", "latitude": "39.7911", "city": "Springfield", "state": "Illinois"},
{"population": "114756", "abbrev": "CA", "longitude": "-122.0321", "latitude": "38.2593", "city": "Fairfield", "state": "California"},
{"population": "114361", "abbrev": "FL", "longitude": "-82.7666", "latitude": "27.9789", "city": "Clearwater", "state": "Florida"},
{"population": "114265", "abbrev": "IL", "longitude": "-89.6174", "latitude": "40.7515", "city": "Peoria", "state": "Illinois"},
{"population": "114011", "abbrev": "MN", "longitude": "-92.4772", "latitude": "44.0154", "city": "Rochester", "state": "Minnesota"},
{"population": "113952", "abbrev": "CA", "longitude": "-117.2828", "latitude": "33.1239", "city": "Carlsbad", "state": "California"},
{"population": "113875", "abbrev": "CO", "longitude": "-105.0644", "latitude": "39.8822", "city": "Westminster", "state": "Colorado"},
{"population": "113699", "abbrev": "UT", "longitude": "-112.0008", "latitude": "40.6024", "city": "West Jordan", "state": "Utah"},
{"population": "113570", "abbrev": "TX", "longitude": "-95.3231", "latitude": "29.5558", "city": "Pearland", "state": "Texas"},
{"population": "113347", "abbrev": "TX", "longitude": "-96.7081", "latitude": "32.9723", "city": "Richardson", "state": "Texas"},
{"population": "113267", "abbrev": "CA", "longitude": "-118.1309", "latitude": "33.9382", "city": "Downey", "state": "California"},
{"population": "113058", "abbrev": "FL", "longitude": "-80.2436", "latitude": "25.9489", "city": "Miami Gardens", "state": "Florida"},
{"population": "113054", "abbrev": "CA", "longitude": "-117.1317", "latitude": "33.4931", "city": "Temecula", "state": "California"},
{"population": "112822", "abbrev": "CA", "longitude": "-117.9123", "latitude": "33.6659", "city": "Costa Mesa", "state": "California"},
{"population": "112141", "abbrev": "TX", "longitude": "-96.2964", "latitude": "30.5852", "city": "College Station", "state": "Texas"},
{"population": "112123", "abbrev": "IL", "longitude": "-88.3217", "latitude": "42.0396", "city": "Elgin", "state": "Illinois"},
{"population": "111674", "abbrev": "CA", "longitude": "-117.1904", "latitude": "33.5721", "city": "Murrieta", "state": "California"},
{"population": "111523", "abbrev": "OR", "longitude": "-122.4416", "latitude": "45.5023", "city": "Gresham", "state": "Oregon"},
{"population": "111223", "abbrev": "NC", "longitude": "-79.9905", "latitude": "35.9900", "city": "High Point", "state": "North Carolina"},
{"population": "110898", "abbrev": "CA", "longitude": "-121.7962", "latitude": "37.9791", "city": "Antioch", "state": "California"},
{"population": "110654", "abbrev": "CA", "longitude": "-118.3443", "latitude": "33.9561", "city": "Inglewood", "state": "California"},
{"population": "110651", "abbrev": "MA", "longitude": "-71.1187", "latitude": "42.3760", "city": "Cambridge", "state": "Massachusetts"},
{"population": "110558", "abbrev": "MA", "longitude": "-71.3211", "latitude": "42.6390", "city": "Lowell", "state": "Massachusetts"},
{"population": "110506", "abbrev": "NH", "longitude": "-71.4441", "latitude": "42.9849", "city": "Manchester", "state": "New Hampshire"},
{"population": "110323", "abbrev": "MT", "longitude": "-108.5499", "latitude": "45.7885", "city": "Billings", "state": "Montana"},
{"population": "110291", "abbrev": "CO", "longitude": "-104.6123", "latitude": "38.2699", "city": "Pueblo", "state": "Colorado"},
{"population": "110104", "abbrev": "FL", "longitude": "-80.6626", "latitude": "27.9856", "city": "Palm Bay", "state": "Florida"},
{"population": "109932", "abbrev": "CO", "longitude": "-104.8691", "latitude": "39.5906", "city": "Centennial", "state": "Colorado"},
{"population": "109813", "abbrev": "CA", "longitude": "-122.3606", "latitude": "37.9523", "city": "Richmond", "state": "California"},
{"population": "109592", "abbrev": "CA", "longitude": "-119.2542", "latitude": "34.2678", "city": "Ventura", "state": "California"},
{"population": "109393", "abbrev": "FL", "longitude": "-80.1339", "latitude": "26.2416", "city": "Pompano Beach", "state": "Florida"},
{"population": "109298", "abbrev": "SC", "longitude": "-80.0650", "latitude": "32.9178", "city": "North Charleston", "state": "South Carolina"},
{"population": "109043", "abbrev": "WA", "longitude": "-122.1914", "latitude": "47.9566", "city": "Everett", "state": "Washington"},
{"population": "108272", "abbrev": "CT", "longitude": "-73.0367", "latitude": "41.5585", "city": "Waterbury", "state": "Connecticut"},
{"population": "108161", "abbrev": "FL", "longitude": "-80.1251", "latitude": "26.7464", "city": "West Palm Beach", "state": "Florida"},
{"population": "108090", "abbrev": "CO", "longitude": "-105.2519", "latitude": "40.0270", "city": "Boulder", "state": "Colorado"},
{"population": "107847", "abbrev": "CA", "longitude": "-117.9099", "latitude": "34.0559", "city": "West Covina", "state": "California"},
{"population": "107403", "abbrev": "OK", "longitude": "-95.7810", "latitude": "36.0365", "city": "Broken Arrow", "state": "Oklahoma"},
{"population": "106583", "abbrev": "CA", "longitude": "-119.6849", "latitude": "36.8282", "city": "Clovis", "state": "California"},
{"population": "106472", "abbrev": "CA", "longitude": "-122.4650", "latitude": "37.7009", "city": "Daly City", "state": "California"},
{"population": "106420", "abbrev": "FL", "longitude": "-81.9549", "latitude": "28.0555", "city": "Lakeland", "state": "Florida"},
{"population": "106290", "abbrev": "CA", "longitude": "-120.4438", "latitude": "34.9332", "city": "Santa Maria", "state": "California"},
{"population": "106178", "abbrev": "CA", "longitude": "-118.0835", "latitude": "33.9076", "city": "Norwalk", "state": "California"},
{"population": "105703", "abbrev": "GA", "longitude": "-84.3687", "latitude": "33.9315", "city": "Sandy Springs", "state": "Georgia"},
{"population": "105164", "abbrev": "OR", "longitude": "-122.9357", "latitude": "45.5280", "city": "Hillsboro", "state": "Oregon"},
{"population": "105139", "abbrev": "WI", "longitude": "-87.9842", "latitude": "44.5207", "city": "Green Bay", "state": "Wisconsin"},
{"population": "104798", "abbrev": "TX", "longitude": "-95.3059", "latitude": "32.3173", "city": "Tyler", "state": "Texas"},
{"population": "104724", "abbrev": "TX", "longitude": "-98.5259", "latitude": "33.9067", "city": "Wichita Falls", "state": "Texas"},
{"population": "104659", "abbrev": "TX", "longitude": "-96.9818", "latitude": "33.0466", "city": "Lewisville", "state": "Texas"},
{"population": "104447", "abbrev": "CA", "longitude": "-118.3264", "latitude": "34.1901", "city": "Burbank", "state": "California"},
{"population": "103990", "abbrev": "CO", "longitude": "-104.7697", "latitude": "40.4153", "city": "Greeley", "state": "Colorado"},
{"population": "103959", "abbrev": "CA", "longitude": "-122.3106", "latitude": "37.5603", "city": "San Mateo", "state": "California"},
{"population": "103768", "abbrev": "CA", "longitude": "-116.9604", "latitude": "32.8017", "city": "El Cajon", "state": "California"},
{"population": "103541", "abbrev": "CA", "longitude": "-117.4676", "latitude": "34.0026", "city": "Jurupa Valley", "state": "California"},
{"population": "103314", "abbrev": "CA", "longitude": "-117.3883", "latitude": "34.1118", "city": "Rialto", "state": "California"},
{"population": "102612", "abbrev": "IA", "longitude": "-90.6040", "latitude": "41.5541", "city": "Davenport", "state": "Iowa"},
{"population": "102010", "abbrev": "TX", "longitude": "-95.1091", "latitude": "29.4901", "city": "League City", "state": "Texas"},
{"population": "101996", "abbrev": "NJ", "longitude": "-74.3494", "latitude": "40.5040", "city": "Edison", "state": "New Jersey"},
{"population": "101871", "abbrev": "FL", "longitude": "-80.2850", "latitude": "26.0791", "city": "Davie", "state": "Florida"},
{"population": "101735", "abbrev": "IN", "longitude": "-86.2690", "latitude": "41.6769", "city": "South Bend", "state": "Indiana"},
{"population": "101659", "abbrev": "CA", "longitude": "-117.2386", "latitude": "33.1895", "city": "Vista", "state": "California"},
{"population": "101389", "abbrev": "NJ", "longitude": "-74.2927", "latitude": "40.5607", "city": "Woodbridge", "state": "New Jersey"},
{"population": "100953", "abbrev": "WA", "longitude": "-122.1920", "latitude": "47.4761", "city": "Renton", "state": "Washington"},
{"population": "100758", "abbrev": "NJ", "longitude": "-74.2004", "latitude": "40.0771", "city": "Lakewood", "state": "New Jersey"},
{"population": "100702", "abbrev": "TX", "longitude": "-100.4505", "latitude": "31.4411", "city": "San Angelo", "state": "Texas"},
{"population": "100392", "abbrev": "MI", "longitude": "-82.9170", "latitude": "42.5903", "city": "Clinton", "state": "Michigan"},
{"population": "11176", "abbrev": "NJ", "longitude": "", "latitude": "", "city": "Guttenberg", "state": "New Jersey"},
{"population": "66455", "abbrev": "NJ", "longitude": "", "latitude": "", "city": "Union City", "state": "New Jersey"},
{"population": "49708", "abbrev": "NJ", "longitude": "", "latitude": "", "city": "West New York", "state": "New Jersey"},
{"population": "50005", "abbrev": "NJ", "longitude": "", "latitude": "", "city": "Hoboken", "state": "New Jersey"},
{"population": "4724", "abbrev": "NY", "longitude": "", "latitude": "", "city": "Kaser", "state": "New York"},
{"population": "23594", "abbrev": "NJ", "longitude": "", "latitude": "", "city": "Cliffside Park", "state": "New Jersey"},
{"population": "2406", "abbrev": "NJ", "longitude": "", "latitude": "", "city": "East Newark", "state": "New Jersey"},
{"population": "27395", "abbrev": "CA", "longitude": "", "latitude": "", "city": "Maywood", "state": "California"},
{"population": "69781", "abbrev": "NJ", "longitude": "", "latitude": "", "city": "Passaic", "state": "New Jersey"},
{"population": "6707", "abbrev": "NY", "longitude": "", "latitude": "", "city": "Great Neck Plaza", "state": "New York"},
{"population": "7137", "abbrev": "FL", "longitude": "", "latitude": "", "city": "North Bay Village", "state": "Florida"},
{"population": "23805", "abbrev": "CA", "longitude": "", "latitude": "", "city": "Cudahy", "state": "California"},
{"population": "20832", "abbrev": "FL", "longitude": "", "latitude": "", "city": "Sunny Isles Beach", "state": "Florida"},
{"population": "58114", "abbrev": "CA", "longitude": "", "latitude": "", "city": "Huntington Park", "state": "California"},
{"population": "75754", "abbrev": "MA", "longitude": "", "latitude": "", "city": "Somerville", "state": "Massachusetts"},
{"population": "34399", "abbrev": "CA", "longitude": "", "latitude": "", "city": "West Hollywood", "state": "California"},
{"population": "53926", "abbrev": "NJ", "longitude": "", "latitude": "", "city": "Irvington", "state": "New Jersey"},
{"population": "362", "abbrev": "KY", "longitude": "", "latitude": "", "city": "Poplar Hills", "state": "Kentucky"},
{"population": "13499", "abbrev": "FL", "longitude": "", "latitude": "", "city": "Sweetwater", "state": "Florida"},
{"population": "42072", "abbrev": "CA", "longitude": "", "latitude": "", "city": "Bell Gardens", "state": "California"},
{"population": "1159", "abbrev": "PA", "longitude": "", "latitude": "", "city": "Millbourne", "state": "Pennsylvania"},
{"population": "64270", "abbrev": "NJ", "longitude": "", "latitude": "", "city": "East Orange", "state": "New Jersey"},
{"population": "19376", "abbrev": "RI", "longitude": "", "latitude": "", "city": "Central Falls", "state": "Rhode Island"},
{"population": "35080", "abbrev": "MA", "longitude": "", "latitude": "", "city": "Chelsea", "state": "Massachusetts"},
{"population": "31711", "abbrev": "CA", "longitude": "", "latitude": "", "city": "Lawndale", "state": "California"},
{"population": "13501", "abbrev": "NJ", "longitude": "", "latitude": "", "city": "Weehawken", "state": "New Jersey"},
{"population": "1578", "abbrev": "NY", "longitude": "", "latitude": "", "city": "South Floral Park", "state": "New York"},
{"population": "68381", "abbrev": "NY", "longitude": "", "latitude": "", "city": "Mount Vernon", "state": "New York"},
{"population": "13255", "abbrev": "NJ", "longitude": "", "latitude": "", "city": "Fairview", "state": "New Jersey"},
{"population": "33275", "abbrev": "NY", "longitude": "", "latitude": "", "city": "Long Beach", "state": "New York"},
{"population": "14779", "abbrev": "CA", "longitude": "", "latitude": "", "city": "Hawaiian Gardens", "state": "California"},
{"population": "5127", "abbrev": "IL", "longitude": "", "latitude": "", "city": "Stone Park", "state": "Illinois"},
{"population": "56554", "abbrev": "NY", "longitude": "", "latitude": "", "city": "Hempstead", "state": "New York"},
{"population": "32868", "abbrev": "NJ", "longitude": "", "latitude": "", "city": "Orange", "state": "New Jersey"},
{"population": "36664", "abbrev": "CA", "longitude": "", "latitude": "", "city": "Bell", "state": "California"},
{"population": "85616", "abbrev": "IL", "longitude": "", "latitude": "", "city": "Cicero", "state": "Illinois"},
{"population": "69845", "abbrev": "CA", "longitude": "", "latitude": "", "city": "Lynwood", "state": "California"},
{"population": "5628", "abbrev": "FL", "longitude": "", "latitude": "", "city": "Bay Harbor Islands", "state": "Florida"},
{"population": "17073", "abbrev": "NJ", "longitude": "", "latitude": "", "city": "Palisades Park", "state": "New Jersey"},
{"population": "35461", "abbrev": "NJ", "longitude": "", "latitude": "", "city": "Fort Lee", "state": "New Jersey"},
{"population": "29786", "abbrev": "NJ", "longitude": "", "latitude": "", "city": "Garfield", "state": "New Jersey"},
{"population": "84112", "abbrev": "CA", "longitude": "", "latitude": "", "city": "Hawthorne", "state": "California"},
{"population": "54016", "abbrev": "IL", "longitude": "", "latitude": "", "city": "Berwyn", "state": "Illinois"},
{"population": "25405", "abbrev": "IL", "longitude": "", "latitude": "", "city": "Elmwood Park", "state": "Illinois"},
{"population": "7883", "abbrev": "PA", "longitude": "", "latitude": "", "city": "Conshohocken", "state": "Pennsylvania"},
{"population": "96375", "abbrev": "CA", "longitude": "", "latitude": "", "city": "South Gate", "state": "California"},
{"population": "6138", "abbrev": "NY", "longitude": "", "latitude": "", "city": "Manorhaven", "state": "New York"},
{"population": "8498", "abbrev": "MD", "longitude": "", "latitude": "", "city": "Mount Rainier", "state": "Maryland"},
{"population": "18566", "abbrev": "CA", "longitude": "", "latitude": "", "city": "Hermosa Beach", "state": "California"},
{"population": "2978", "abbrev": "NJ", "longitude": "", "latitude": "", "city": "Woodlynne", "state": "New Jersey"},
{"population": "4732", "abbrev": "NY", "longitude": "", "latitude": "", "city": "Island Park", "state": "New York"},
{"population": "4624", "abbrev": "NY", "longitude": "", "latitude": "", "city": "New Square", "state": "New York"},
{"population": "738", "abbrev": "PA", "longitude": "", "latitude": "", "city": "Pennsbury Village", "state": "Pennsylvania"},
{"population": "10687", "abbrev": "PA", "longitude": "", "latitude": "", "city": "Darby", "state": "Pennsylvania"},
{"population": "9305", "abbrev": "PA", "longitude": "", "latitude": "", "city": "Dormont", "state": "Pennsylvania"},
{"population": "2586", "abbrev": "PA", "longitude": "", "latitude": "", "city": "East Lansdowne", "state": "Pennsylvania"},
{"population": "76616", "abbrev": "CA", "longitude": "", "latitude": "", "city": "Bellflower", "state": "California"},
{"population": "11513", "abbrev": "NJ", "longitude": "", "latitude": "", "city": "Edgewater", "state": "New Jersey"},
{"population": "1173", "abbrev": "NY", "longitude": "", "latitude": "", "city": "Bellerose", "state": "New York"},
{"population": "25464", "abbrev": "NY", "longitude": "", "latitude": "", "city": "Spring Valley", "state": "New York"},
{"population": "5779", "abbrev": "NJ", "longitude": "", "latitude": "", "city": "Prospect Park", "state": "New Jersey"},
{"population": "37403", "abbrev": "CA", "longitude": "", "latitude": "", "city": "Stanton", "state": "California"},
{"population": "13138", "abbrev": "NY", "longitude": "", "latitude": "", "city": "Kiryas Joel", "state": "New York"},
{"population": "196", "abbrev": "TX", "longitude": "", "latitude": "", "city": "Mobile City", "state": "Texas"},
{"population": "16930", "abbrev": "NJ", "longitude": "", "latitude": "", "city": "Asbury Park", "state": "New Jersey"},
{"population": "27867", "abbrev": "NY", "longitude": "", "latitude": "", "city": "Port Chester", "state": "New York"},
{"population": "14424", "abbrev": "NJ", "longitude": "", "latitude": "", "city": "Harrison", "state": "New Jersey"},
{"population": "41063", "abbrev": "CA", "longitude": "", "latitude": "", "city": "La Puente", "state": "California"},
{"population": "30215", "abbrev": "CA", "longitude": "", "latitude": "", "city": "San Pablo", "state": "California"},
{"population": "3970", "abbrev": "PA", "longitude": "", "latitude": "", "city": "Mount Oliver", "state": "Pennsylvania"},
{"population": "55266", "abbrev": "CA", "longitude": "", "latitude": "", "city": "Paramount", "state": "California"},
{"population": "15967", "abbrev": "NY", "longitude": "", "latitude": "", "city": "Floral Park", "state": "New York"},
{"population": "11583", "abbrev": "NJ", "longitude": "", "latitude": "", "city": "Wallington", "state": "New Jersey"},
{"population": "1098", "abbrev": "NJ", "longitude": "", "latitude": "", "city": "Shrewsbury", "state": "New Jersey"},
{"population": "29506", "abbrev": "CA", "longitude": "", "latitude": "", "city": "East Palo Alto", "state": "California"},
{"population": "7261", "abbrev": "NY", "longitude": "", "latitude": "", "city": "Williston Park", "state": "New York"},
{"population": "87933", "abbrev": "FL", "longitude": "", "latitude": "", "city": "Miami Beach", "state": "Florida"},
{"population": "16426", "abbrev": "NY", "longitude": "", "latitude": "", "city": "Kenmore", "state": "New York"},
{"population": "75837", "abbrev": "CA", "longitude": "", "latitude": "", "city": "Baldwin Park", "state": "California"},
{"population": "9523", "abbrev": "NY", "longitude": "", "latitude": "", "city": "New Hyde Park", "state": "New York"},
{"population": "85804", "abbrev": "CA", "longitude": "", "latitude": "", "city": "Alhambra", "state": "California"},
{"population": "38037", "abbrev": "MA", "longitude": "", "latitude": "", "city": "Everett", "state": "Massachusetts"},
{"population": "58092", "abbrev": "NJ", "longitude": "", "latitude": "", "city": "North Bergen", "state": "New Jersey"},
{"population": "52524", "abbrev": "IL", "longitude": "", "latitude": "", "city": "Oak Park", "state": "Illinois"},
{"population": "85403", "abbrev": "NJ", "longitude": "", "latitude": "", "city": "Trenton", "state": "New Jersey"},
{"population": "56340", "abbrev": "MA", "longitude": "", "latitude": "", "city": "Malden", "state": "Massachusetts"},
{"population": "634", "abbrev": "OR", "longitude": "", "latitude": "", "city": "Johnson City", "state": "Oregon"},
{"population": "61842", "abbrev": "NJ", "longitude": "", "latitude": "", "city": "Bayonne", "state": "New Jersey"},
{"population": "37511", "abbrev": "NY", "longitude": "", "latitude": "", "city": "Valley Stream", "state": "New York"},
{"population": "22976", "abbrev": "MI", "longitude": "", "latitude": "", "city": "Hamtramck", "state": "Michigan"},
{"population": "2267", "abbrev": "PA", "longitude": "", "latitude": "", "city": "Parkside", "state": "Pennsylvania"},
{"population": "6779", "abbrev": "PA", "longitude": "", "latitude": "", "city": "Clifton Heights", "state": "Pennsylvania"},
{"population": "13281", "abbrev": "NJ", "longitude": "", "latitude": "", "city": "Roselle Park", "state": "New Jersey"},
{"population": "8249", "abbrev": "NJ", "longitude": "", "latitude": "", "city": "Bogota", "state": "New Jersey"},
{"population": "35928", "abbrev": "NJ", "longitude": "", "latitude": "", "city": "Belleville", "state": "New Jersey"},
{"population": "23971", "abbrev": "NJ", "longitude": "", "latitude": "", "city": "Lodi", "state": "New Jersey"},
{"population": "1546", "abbrev": "NJ", "longitude": "", "latitude": "", "city": "Victory Gardens", "state": "New Jersey"},
{"population": "20046", "abbrev": "CA", "longitude": "", "latitude": "", "city": "Lomita", "state": "California"},
{"population": "55181", "abbrev": "NJ", "longitude": "", "latitude": "", "city": "New Brunswick", "state": "New Jersey"},
{"population": "53505", "abbrev": "CA", "longitude": "", "latitude": "", "city": "Rosemead", "state": "California"},
{"population": "81821", "abbrev": "PA", "longitude": "", "latitude": "", "city": "Upper Darby", "state": "Pennsylvania"},
{"population": "18539", "abbrev": "CA", "longitude": "", "latitude": "", "city": "Albany", "state": "California"},
{"population": "42677", "abbrev": "NJ", "longitude": "", "latitude": "", "city": "Hackensack", "state": "New Jersey"},
{"population": "72043", "abbrev": "MA", "longitude": "", "latitude": "", "city": "Lawrence", "state": "Massachusetts"},
{"population": "19234", "abbrev": "NY", "longitude": "", "latitude": "", "city": "Mineola", "state": "New York"},
{"population": "18461", "abbrev": "PA", "longitude": "", "latitude": "", "city": "West Chester", "state": "Pennsylvania"},
{"population": "56646", "abbrev": "OH", "longitude": "", "latitude": "", "city": "Lakewood", "state": "Ohio"},
{"population": "6211", "abbrev": "NY", "longitude": "", "latitude": "", "city": "Tuckahoe", "state": "New York"},
{"population": "10414", "abbrev": "NY", "longitude": "", "latitude": "", "city": "East Rockaway", "state": "New York"},
{"population": "84084", "abbrev": "CA", "longitude": "", "latitude": "", "city": "Santa Monica", "state": "California"},
{"population": "16380", "abbrev": "CA", "longitude": "", "latitude": "", "city": "Artesia", "state": "California"},
{"population": "8786", "abbrev": "PA", "longitude": "", "latitude": "", "city": "Collingdale", "state": "Pennsylvania"},
{"population": "8297", "abbrev": "IL", "longitude": "", "latitude": "", "city": "Harwood Heights", "state": "Illinois"},
{"population": "63261", "abbrev": "CA", "longitude": "", "latitude": "", "city": "Redondo Beach", "state": "California"}
]